timestamp,current_power_watts,total_energy_kwh,daily_energy_kwh,running_energy_sum
2025-04-11 03:22:27,28.116,0.044,6.4e-05,6.4e-05
2025-04-11 03:22:31,28.137,0.045,6.4e-05,6.4e-05
2025-04-11 03:22:57,28.125,0.045,6.4e-05,6.4e-05
2025-04-11 03:23:01,28.134,0.045,6.4e-05,6.4e-05
2025-04-11 03:23:27,28.118,0.045,6.4e-05,6.4e-05
2025-04-11 03:23:31,28.155,0.045,6.4e-05,6.4e-05
2025-04-11 03:23:57,28.052,0.045,6.4e-05,6.4e-05
2025-04-11 03:24:01,28.037,0.045,6.4e-05,6.4e-05
2025-04-11 03:24:27,28.078,0.045,6.500000000000001e-05,6.500000000000001e-05
2025-04-11 03:24:31,28.093,0.046,6.500000000000001e-05,6.500000000000001e-05
2025-04-11 03:24:57,28.048,0.046,6.500000000000001e-05,6.500000000000001e-05
2025-04-11 03:25:01,28.057,0.046,6.500000000000001e-05,6.500000000000001e-05
2025-04-11 03:25:27,28.073,0.046,6.500000000000001e-05,6.500000000000001e-05
2025-04-11 03:25:31,28.1,0.046,6.500000000000001e-05,6.500000000000001e-05
2025-04-11 03:25:57,28.106,0.046,6.500000000000001e-05,6.500000000000001e-05
2025-04-11 03:26:01,28.091,0.046,6.500000000000001e-05,6.500000000000001e-05
2025-04-11 03:26:27,28.15,0.046,6.6e-05,6.6e-05
2025-04-11 03:26:31,28.091,0.047,6.6e-05,6.6e-05
2025-04-11 03:26:57,28.156,0.047,6.6e-05,6.6e-05
2025-04-11 03:27:01,28.104,0.047,6.6e-05,6.6e-05
2025-04-11 03:27:27,28.069,0.047,6.6e-05,6.6e-05
2025-04-11 03:27:31,28.104,0.047,6.6e-05,6.6e-05
2025-04-11 03:27:57,28.092,0.047,6.6e-05,6.6e-05
2025-04-11 03:28:01,28.098,0.047,6.6e-05,6.6e-05
2025-04-11 03:28:27,28.103,0.047,6.7e-05,6.7e-05
2025-04-11 03:28:31,28.118,0.048,6.7e-05,6.7e-05
2025-04-11 03:28:57,28.128,0.048,6.7e-05,6.7e-05
2025-04-11 03:29:01,28.143,0.048,6.7e-05,6.7e-05
2025-04-11 03:29:27,28.147,0.048,6.7e-05,6.7e-05
2025-04-11 03:29:31,28.133,0.048,6.7e-05,6.7e-05
2025-04-11 03:29:57,28.095,0.048,6.7e-05,6.7e-05
2025-04-11 03:30:01,28.075,0.048,6.7e-05,6.7e-05
2025-04-11 03:30:27,28.161,0.048,6.7e-05,6.7e-05
2025-04-11 03:30:31,28.049,0.048,6.8e-05,6.8e-05
2025-04-11 03:30:57,28.104,0.048,6.8e-05,6.8e-05
2025-04-11 03:31:01,28.129,0.049,6.8e-05,6.8e-05
2025-04-11 03:31:27,28.097,0.049,6.8e-05,6.8e-05
2025-04-11 03:31:31,28.033,0.049,6.8e-05,6.8e-05
2025-04-11 03:31:57,28.114,0.049,6.8e-05,6.8e-05
2025-04-11 03:32:01,28.113,0.049,6.8e-05,6.8e-05
2025-04-11 03:32:27,28.131,0.049,6.8e-05,6.8e-05
2025-04-11 03:32:31,28.168,0.049,6.8e-05,6.8e-05
2025-04-11 03:32:57,28.169,0.049,6.900000000000001e-05,6.900000000000001e-05
2025-04-11 03:33:01,28.185,0.05,6.900000000000001e-05,6.900000000000001e-05
2025-04-11 03:33:27,28.129,0.05,6.900000000000001e-05,6.900000000000001e-05
2025-04-11 03:33:31,28.154,0.05,6.900000000000001e-05,6.900000000000001e-05
2025-04-11 03:33:57,28.157,0.05,6.900000000000001e-05,6.900000000000001e-05
2025-04-11 03:34:01,28.142,0.05,6.900000000000001e-05,6.900000000000001e-05
2025-04-11 03:34:27,28.166,0.05,6.900000000000001e-05,6.900000000000001e-05
2025-04-11 03:34:31,28.188,0.05,6.900000000000001e-05,6.900000000000001e-05
2025-04-11 03:34:57,28.13,0.05,7.000000000000001e-05,7.000000000000001e-05
2025-04-11 03:35:01,28.13,0.051,7.000000000000001e-05,7.000000000000001e-05
2025-04-11 03:35:27,28.086,0.051,7.000000000000001e-05,7.000000000000001e-05
2025-04-11 03:35:31,28.138,0.051,7.000000000000001e-05,7.000000000000001e-05
2025-04-11 03:35:57,28.119,0.051,7.000000000000001e-05,7.000000000000001e-05
2025-04-11 03:36:01,28.105,0.051,7.000000000000001e-05,7.000000000000001e-05
2025-04-11 03:36:27,28.171,0.051,7.000000000000001e-05,7.000000000000001e-05
2025-04-11 03:36:31,30.449,0.051,7.000000000000001e-05,7.000000000000001e-05
2025-04-11 03:36:57,28.138,0.051,7.1e-05,7.1e-05
2025-04-11 03:37:01,28.154,0.052,7.1e-05,7.1e-05
2025-04-11 03:37:43,123.772,0.0,7.1e-05,7.1e-05
2025-04-11 03:37:47,145.067,0.0,7.1e-05,7.1e-05
2025-04-11 03:37:57,144.451,0.0,7.1e-05,7.1e-05
2025-04-11 03:38:01,144.34,0.0,7.1e-05,7.1e-05
2025-04-11 03:38:27,143.803,0.001,7.2e-05,7.2e-05
2025-04-11 03:38:31,143.823,0.001,7.3e-05,7.3e-05
2025-04-11 03:38:57,143.52,0.002,7.4e-05,7.4e-05
2025-04-11 03:39:01,143.533,0.002,7.4e-05,7.4e-05
2025-04-11 03:39:27,143.285,0.003,7.5e-05,7.5e-05
2025-04-11 03:39:31,143.206,0.003,7.5e-05,7.5e-05
2025-04-11 03:39:57,143.045,0.004,7.6e-05,7.6e-05
2025-04-11 03:40:01,142.986,0.004,7.6e-05,7.6e-05
2025-04-11 03:40:27,142.822,0.006,7.7e-05,7.7e-05
2025-04-11 03:40:31,142.746,0.006,7.7e-05,7.7e-05
2025-04-11 03:40:57,142.641,0.007,7.8e-05,7.8e-05
2025-04-11 03:41:01,142.575,0.007,7.9e-05,7.9e-05
2025-04-11 03:41:27,142.502,0.008,8e-05,8e-05
2025-04-11 03:41:31,142.481,0.008,8e-05,8e-05
2025-04-11 03:41:57,142.311,0.009,8.1e-05,8.1e-05
2025-04-11 03:42:01,142.333,0.009,8.1e-05,8.1e-05
2025-04-11 03:42:27,142.202,0.01,8.2e-05,8.2e-05
2025-04-11 03:42:31,142.216,0.01,8.2e-05,8.2e-05
2025-04-11 03:42:57,142.098,0.011,8.3e-05,8.3e-05
2025-04-11 03:43:01,142.029,0.011,8.3e-05,8.3e-05
2025-04-11 03:43:27,141.915,0.013,8.400000000000001e-05,8.400000000000001e-05
2025-04-11 03:43:31,141.941,0.013,8.400000000000001e-05,8.400000000000001e-05
2025-04-11 03:43:57,141.814,0.014,8.5e-05,8.5e-05
2025-04-11 03:44:01,141.725,0.014,8.6e-05,8.6e-05
2025-04-11 03:44:27,141.629,0.015,8.700000000000001e-05,8.700000000000001e-05
2025-04-11 03:44:31,141.67,0.015,8.700000000000001e-05,8.700000000000001e-05
2025-04-11 03:44:57,141.516,0.016,8.8e-05,8.8e-05
2025-04-11 03:45:01,141.516,0.016,8.8e-05,8.8e-05
2025-04-11 03:45:27,0.0,0.017,8.8e-05,8.8e-05
2025-04-11 03:45:37,0.0,0.017,8.8e-05,8.8e-05
2025-04-11 03:45:57,0.0,0.017,8.8e-05,8.8e-05
2025-04-11 03:46:07,0.0,0.017,8.8e-05,8.8e-05
2025-04-11 03:46:27,0.0,0.017,8.8e-05,8.8e-05
2025-04-11 03:46:37,142.99,0.017,8.8e-05,8.8e-05
2025-04-11 03:46:57,141.969,0.017,8.9e-05,8.9e-05
2025-04-11 03:47:07,141.775,0.017,8.9e-05,8.9e-05
2025-04-11 03:47:27,141.653,0.018,8.999999999999999e-05,8.999999999999999e-05
2025-04-11 03:47:37,141.538,0.018,8.999999999999999e-05,8.999999999999999e-05
2025-04-11 03:47:57,141.433,0.019,9.1e-05,9.1e-05
2025-04-11 03:48:07,141.407,0.019,9.1e-05,9.1e-05
2025-04-11 03:48:27,141.316,0.021,9.2e-05,9.2e-05
2025-04-11 03:48:37,141.28,0.021,9.3e-05,9.3e-05
2025-04-11 03:48:57,141.189,0.022,9.3e-05,9.3e-05
2025-04-11 03:49:07,141.14,0.022,9.4e-05,9.4e-05
2025-04-11 03:49:27,141.079,0.023,9.5e-05,9.5e-05
2025-04-11 03:49:37,141.01,0.023,9.5e-05,9.5e-05
2025-04-11 03:49:57,140.933,0.024,9.6e-05,9.6e-05
2025-04-11 03:50:07,140.929,0.024,9.6e-05,9.6e-05
2025-04-11 03:50:27,140.814,0.025,9.7e-05,9.7e-05
2025-04-11 03:50:37,140.843,0.025,9.7e-05,9.7e-05
2025-04-11 03:50:57,140.74,0.026,9.800000000000001e-05,9.800000000000001e-05
2025-04-11 03:51:07,140.766,0.026,9.800000000000001e-05,9.800000000000001e-05
2025-04-11 03:51:27,140.639,0.028,9.900000000000001e-05,9.900000000000001e-05
2025-04-11 03:51:37,140.654,0.028,0.0001,0.0001
2025-04-11 03:51:57,140.589,0.029,0.0001,0.0001
2025-04-11 03:52:07,140.53,0.029,0.000101,0.000101
2025-04-11 03:52:27,140.499,0.03,0.00010200000000000001,0.00010200000000000001
2025-04-11 03:52:37,140.464,0.03,0.00010200000000000001,0.00010200000000000001
2025-04-11 03:52:57,140.39,0.031,0.00010300000000000001,0.00010300000000000001
2025-04-11 03:53:07,140.42,0.031,0.00010300000000000001,0.00010300000000000001
2025-04-11 03:53:27,140.334,0.032,0.00010400000000000001,0.00010400000000000001
2025-04-11 03:53:37,140.327,0.032,0.00010400000000000001,0.00010400000000000001
2025-04-11 03:53:57,140.299,0.034,0.00010499999999999999,0.00010499999999999999
2025-04-11 03:54:07,140.223,0.034,0.00010499999999999999,0.00010499999999999999
2025-04-11 03:54:27,140.161,0.035,0.000106,0.000106
2025-04-11 03:54:37,140.183,0.035,0.000107,0.000107
2025-04-11 03:54:57,140.089,0.036,0.000107,0.000107
2025-04-11 03:55:07,140.077,0.036,0.000108,0.000108
2025-04-11 03:55:27,140.01,0.037,0.00010899999999999999,0.00010899999999999999
2025-04-11 03:55:37,140.008,0.037,0.00010899999999999999,0.00010899999999999999
2025-04-11 03:55:57,140.003,0.038,0.00011,0.00011
2025-04-11 03:56:07,139.987,0.038,0.00011,0.00011
2025-04-11 03:56:27,139.945,0.039,0.000111,0.000111
2025-04-11 03:56:37,139.978,0.039,0.000111,0.000111
2025-04-11 03:56:57,139.845,0.041,0.000112,0.000112
2025-04-11 03:57:07,139.861,0.041,0.000112,0.000112
2025-04-11 03:57:27,139.85,0.042,0.00011300000000000001,0.00011300000000000001
2025-04-11 03:57:37,139.821,0.042,0.000114,0.000114
2025-04-11 03:57:57,139.75,0.043,0.000114,0.000114
2025-04-11 03:58:07,139.767,0.043,0.000115,0.000115
2025-04-11 03:58:27,139.662,0.044,0.000116,0.000116
2025-04-11 03:58:37,139.645,0.044,0.000116,0.000116
2025-04-11 03:58:57,139.626,0.045,0.00011700000000000001,0.00011700000000000001
2025-04-11 03:59:07,139.596,0.045,0.00011700000000000001,0.00011700000000000001
2025-04-11 03:59:27,139.485,0.046,0.00011800000000000001,0.00011800000000000001
2025-04-11 03:59:37,139.431,0.046,0.00011800000000000001,0.00011800000000000001
2025-04-11 03:59:57,139.39,0.048,0.000119,0.000119
2025-04-11 04:00:07,139.417,0.048,0.000119,0.000119
2025-04-11 04:00:27,139.35,0.049,0.00011999999999999999,0.00011999999999999999
2025-04-11 04:00:37,139.297,0.049,0.000121,0.000121
2025-04-11 04:00:57,139.259,0.05,0.000121,0.000121
2025-04-11 04:01:07,139.274,0.05,0.000122,0.000122
2025-04-11 04:01:27,139.248,0.051,0.000123,0.000123
2025-04-11 04:01:37,139.239,0.051,0.000123,0.000123
2025-04-11 04:01:57,139.149,0.052,0.000124,0.000124
2025-04-11 04:02:07,139.144,0.052,0.000124,0.000124
2025-04-11 04:02:27,139.104,0.053,0.000125,0.000125
2025-04-11 04:02:37,139.14,0.053,0.000125,0.000125
2025-04-11 04:02:57,139.088,0.054,0.000126,0.000126
2025-04-11 04:03:07,139.082,0.054,0.000126,0.000126
2025-04-11 04:03:27,139.088,0.056,0.000127,0.000127
2025-04-11 04:04:03,139.007,0.057,0.000129,0.000129
2025-04-11 04:04:06,138.969,0.057,0.000129,0.000129
2025-04-11 04:04:33,139.018,0.058,0.00013000000000000002,0.00013000000000000002
2025-04-11 04:04:36,139.021,0.058,0.00013000000000000002,0.00013000000000000002
2025-04-11 04:05:03,138.991,0.059,0.000131,0.000131
2025-04-11 04:05:07,138.927,0.059,0.000131,0.000131
2025-04-11 04:05:33,138.875,0.06,0.000132,0.000132
2025-04-11 04:05:36,138.897,0.06,0.000132,0.000132
2025-04-11 04:06:14,138.893,0.063,0.000134,0.000134
2025-04-11 04:06:16,138.893,0.063,0.000134,0.000134
2025-04-11 04:06:44,138.84,0.064,0.000135,0.000135
2025-04-11 04:06:46,138.84,0.064,0.000135,0.000135
2025-04-11 04:07:14,0.0,0.064,0.000135,0.000135
2025-04-11 04:07:16,0.0,0.064,0.000135,0.000135
2025-04-11 04:07:44,0.0,0.064,0.000135,0.000135
2025-04-11 04:07:46,0.0,0.064,0.000135,0.000135
2025-04-11 04:08:14,0.0,0.064,0.000135,0.000135
2025-04-11 04:08:16,0.0,0.064,0.000135,0.000135
2025-04-11 04:08:44,0.0,0.064,0.000135,0.000135
2025-04-11 04:08:46,0.0,0.064,0.000135,0.000135
2025-04-11 04:09:14,0.0,0.064,0.000135,0.000135
2025-04-11 04:09:16,0.0,0.064,0.000135,0.000135
2025-04-11 04:09:44,0.0,0.064,0.000135,0.000135
2025-04-11 04:09:46,0.0,0.064,0.000135,0.000135
2025-04-11 04:10:14,0.0,0.064,0.000135,0.000135
2025-04-11 04:10:16,0.0,0.064,0.000135,0.000135
2025-04-11 04:10:44,0.0,0.064,0.000135,0.000135
2025-04-11 04:10:47,0.0,0.064,0.000135,0.000135
2025-04-11 04:11:14,0.0,0.064,0.000135,0.000135
2025-04-11 04:11:16,0.0,0.064,0.000135,0.000135
2025-04-11 04:11:44,140.782,0.064,0.000135,0.000135
2025-04-11 04:11:46,140.539,0.064,0.000135,0.000135
2025-04-11 04:12:14,139.949,0.065,0.000136,0.000136
2025-04-11 04:12:16,139.946,0.065,0.000136,0.000136
2025-04-11 04:12:44,139.692,0.066,0.00013700000000000002,0.00013700000000000002
2025-04-11 04:12:46,139.667,0.066,0.00013700000000000002,0.00013700000000000002
2025-04-11 04:13:15,139.518,0.068,0.00013900000000000002,0.00013900000000000002
2025-04-11 04:13:16,139.541,0.068,0.00013900000000000002,0.00013900000000000002
2025-04-11 04:13:44,139.427,0.069,0.00014000000000000001,0.00014000000000000001
2025-04-11 04:13:46,139.414,0.069,0.00014000000000000001,0.00014000000000000001
2025-04-11 04:14:14,139.395,0.07,0.000141,0.000141
2025-04-11 04:14:16,139.344,0.07,0.000141,0.000141
2025-04-11 04:14:44,139.307,0.071,0.000142,0.000142
2025-04-11 04:14:46,139.293,0.071,0.000142,0.000142
2025-04-11 04:15:14,139.249,0.072,0.000143,0.000143
2025-04-11 04:15:16,139.205,0.072,0.000143,0.000143
2025-04-11 04:15:45,139.165,0.073,0.000144,0.000144
2025-04-11 04:15:46,139.179,0.073,0.000144,0.000144
2025-04-11 04:16:14,139.094,0.074,0.000146,0.000146
2025-04-11 04:16:16,139.074,0.074,0.000146,0.000146
2025-04-11 04:16:44,139.11,0.076,0.000147,0.000147
2025-04-11 04:16:46,139.033,0.076,0.000147,0.000147
2025-04-11 04:17:14,139.063,0.077,0.000148,0.000148
2025-04-11 04:17:16,139.005,0.077,0.000148,0.000148
2025-04-11 04:17:44,138.983,0.078,0.000149,0.000149
2025-04-11 04:17:46,138.952,0.078,0.000149,0.000149
2025-04-11 04:18:14,139.117,0.079,0.00015,0.00015
2025-04-11 04:18:16,139.117,0.079,0.00015,0.00015
2025-04-11 04:18:44,139.084,0.079,0.00015,0.00015
2025-04-11 04:18:46,139.075,0.079,0.00015099999999999998,0.00015099999999999998
2025-04-11 04:19:14,138.986,0.081,0.000152,0.000152
2025-04-11 04:19:16,138.981,0.081,0.000152,0.000152
2025-04-11 04:19:44,138.931,0.082,0.000153,0.000153
2025-04-11 04:19:46,138.932,0.082,0.000153,0.000153
2025-04-11 04:20:14,138.842,0.083,0.000154,0.000154
2025-04-11 04:20:16,138.904,0.083,0.000154,0.000154
2025-04-11 04:20:45,138.819,0.084,0.000155,0.000155
2025-04-11 04:20:46,138.813,0.084,0.000155,0.000155
2025-04-11 04:21:14,138.765,0.085,0.000156,0.000156
2025-04-11 04:21:16,138.735,0.085,0.000156,0.000156
2025-04-11 04:21:44,138.747,0.086,0.000157,0.000157
2025-04-11 04:21:46,138.738,0.086,0.000157,0.000157
2025-04-11 04:22:14,138.728,0.088,0.00015900000000000002,0.00015900000000000002
2025-04-11 04:22:16,138.74,0.088,0.00015900000000000002,0.00015900000000000002
2025-04-11 04:22:44,138.632,0.089,0.00016,0.00016
2025-04-11 04:22:46,138.693,0.089,0.00016,0.00016
2025-04-11 04:23:15,138.605,0.09,0.000161,0.000161
2025-04-11 04:23:16,138.622,0.09,0.000161,0.000161
2025-04-11 04:23:44,138.586,0.091,0.000162,0.000162
2025-04-11 04:23:46,138.585,0.091,0.000162,0.000162
2025-04-11 04:24:14,138.571,0.092,0.000163,0.000163
2025-04-11 04:24:16,138.54,0.092,0.000163,0.000163
2025-04-11 04:24:45,138.514,0.093,0.000164,0.000164
2025-04-11 04:24:46,138.463,0.093,0.000164,0.000164
2025-04-11 04:25:14,138.448,0.094,0.000166,0.000166
2025-04-11 04:25:16,138.463,0.094,0.000166,0.000166
2025-04-11 04:25:44,138.495,0.096,0.00016700000000000002,0.00016700000000000002
2025-04-11 04:25:46,138.51,0.096,0.00016700000000000002,0.00016700000000000002
2025-04-11 04:26:14,138.463,0.097,0.00016800000000000002,0.00016800000000000002
2025-04-11 04:26:16,138.42,0.097,0.00016800000000000002,0.00016800000000000002
2025-04-11 04:26:44,138.361,0.098,0.00016900000000000002,0.00016900000000000002
2025-04-11 04:26:46,138.397,0.098,0.00016900000000000002,0.00016900000000000002
2025-04-11 04:27:14,138.371,0.099,0.00017,0.00017
2025-04-11 04:27:16,138.345,0.099,0.00017,0.00017
2025-04-11 04:27:44,138.36,0.1,0.000171,0.000171
2025-04-11 04:27:46,138.358,0.1,0.000171,0.000171
2025-04-11 04:28:14,138.312,0.101,0.000172,0.000172
2025-04-11 04:28:16,138.316,0.101,0.000173,0.000173
2025-04-11 04:28:44,138.324,0.103,0.00017400000000000003,0.00017400000000000003
2025-04-11 04:28:46,138.28,0.103,0.00017400000000000003,0.00017400000000000003
2025-04-11 04:29:14,138.286,0.104,0.00017500000000000003,0.00017500000000000003
2025-04-11 04:29:16,138.261,0.104,0.00017500000000000003,0.00017500000000000003
2025-04-11 04:29:44,138.222,0.105,0.000176,0.000176
2025-04-11 04:29:46,138.218,0.105,0.000176,0.000176
2025-04-11 04:30:14,138.242,0.106,0.000177,0.000177
2025-04-11 04:30:16,138.186,0.106,0.000177,0.000177
2025-04-11 04:30:44,138.152,0.107,0.000178,0.000178
2025-04-11 04:30:46,138.192,0.107,0.000178,0.000178
2025-04-11 04:31:14,138.305,0.108,0.000179,0.000179
2025-04-11 04:31:16,138.201,0.108,0.000179,0.000179
2025-04-11 04:31:44,138.13,0.109,0.00017999999999999998,0.00017999999999999998
2025-04-11 04:31:46,138.164,0.109,0.00018099999999999998,0.00018099999999999998
2025-04-11 04:32:14,138.126,0.111,0.000182,0.000182
2025-04-11 04:32:16,138.119,0.111,0.000182,0.000182
2025-04-11 04:32:44,138.098,0.112,0.000183,0.000183
2025-04-11 04:32:46,138.053,0.112,0.000183,0.000183
2025-04-11 04:33:14,138.087,0.113,0.000184,0.000184
2025-04-11 04:33:16,138.065,0.113,0.000184,0.000184
2025-04-11 04:33:44,138.048,0.114,0.000185,0.000185
2025-04-11 04:33:46,138.014,0.114,0.000185,0.000185
2025-04-11 04:34:14,138.032,0.115,0.000186,0.000186
2025-04-11 04:34:16,138.041,0.115,0.000186,0.000186
2025-04-11 04:34:44,138.001,0.116,0.000187,0.000187
2025-04-11 04:34:46,137.998,0.116,0.000187,0.000187
2025-04-11 04:35:14,137.995,0.117,0.000189,0.000189
2025-04-11 04:35:16,138.007,0.117,0.000189,0.000189
2025-04-11 04:35:44,137.939,0.119,0.00019,0.00019
2025-04-11 04:35:46,137.959,0.119,0.00019,0.00019
2025-04-11 04:36:14,137.943,0.12,0.000191,0.000191
2025-04-11 04:36:16,137.909,0.12,0.000191,0.000191
2025-04-11 04:36:44,137.943,0.121,0.000192,0.000192
2025-04-11 04:36:46,137.931,0.121,0.000192,0.000192
2025-04-11 04:37:14,137.867,0.122,0.000193,0.000193
2025-04-11 04:37:16,137.926,0.122,0.000193,0.000193
2025-04-11 04:37:44,137.898,0.123,0.000194,0.000194
2025-04-11 04:37:46,137.946,0.123,0.000194,0.000194
2025-04-11 04:38:14,137.881,0.124,0.000195,0.000195
2025-04-11 04:38:16,137.883,0.124,0.00019600000000000002,0.00019600000000000002
2025-04-11 04:38:44,137.889,0.126,0.00019700000000000002,0.00019700000000000002
2025-04-11 04:38:46,137.898,0.126,0.00019700000000000002,0.00019700000000000002
2025-04-11 04:39:14,137.867,0.127,0.00019800000000000002,0.00019800000000000002
2025-04-11 04:39:16,137.825,0.127,0.00019800000000000002,0.00019800000000000002
2025-04-11 04:39:44,137.853,0.128,0.000199,0.000199
2025-04-11 04:39:46,137.811,0.128,0.000199,0.000199
2025-04-11 04:40:14,137.814,0.129,0.0002,0.0002
2025-04-11 04:40:16,137.865,0.129,0.0002,0.0002
2025-04-11 04:40:44,137.817,0.13,0.000201,0.000201
2025-04-11 04:40:46,137.839,0.13,0.000201,0.000201
2025-04-11 04:41:14,137.851,0.131,0.000202,0.000202
2025-04-11 04:41:16,137.811,0.131,0.000202,0.000202
2025-04-11 04:41:44,137.805,0.132,0.000203,0.000203
2025-04-11 04:41:46,137.803,0.132,0.00020400000000000003,0.00020400000000000003
2025-04-11 04:42:14,137.798,0.134,0.00020500000000000002,0.00020500000000000002
2025-04-11 04:42:16,137.821,0.134,0.00020500000000000002,0.00020500000000000002
2025-04-11 04:42:44,137.787,0.135,0.00020600000000000002,0.00020600000000000002
2025-04-11 04:42:46,137.788,0.135,0.00020600000000000002,0.00020600000000000002
2025-04-11 04:43:14,137.761,0.136,0.00020700000000000002,0.00020700000000000002
2025-04-11 04:43:16,137.743,0.136,0.00020700000000000002,0.00020700000000000002
2025-04-11 04:43:44,137.763,0.137,0.00020800000000000001,0.00020800000000000001
2025-04-11 04:43:46,137.798,0.137,0.00020800000000000001,0.00020800000000000001
2025-04-11 04:44:14,137.757,0.138,0.00020899999999999998,0.00020899999999999998
2025-04-11 04:44:16,137.749,0.138,0.00020899999999999998,0.00020899999999999998
2025-04-11 04:44:44,137.715,0.139,0.00020999999999999998,0.00020999999999999998
2025-04-11 04:45:20,137.727,0.14,0.000212,0.000212
2025-04-11 04:45:22,137.791,0.14,0.000212,0.000212
2025-04-11 04:45:51,137.671,0.142,0.000213,0.000213
2025-04-11 04:45:52,137.678,0.142,0.000213,0.000213
2025-04-11 04:46:20,137.682,0.143,0.000214,0.000214
2025-04-11 04:46:22,137.734,0.143,0.000214,0.000214
2025-04-11 04:46:50,137.765,0.144,0.000215,0.000215
2025-04-11 04:46:52,137.862,0.144,0.000215,0.000215
2025-04-11 04:47:20,137.739,0.145,0.000216,0.000216
2025-04-11 04:47:22,137.711,0.145,0.000216,0.000216
2025-04-11 04:47:50,137.717,0.146,0.000217,0.000217
2025-04-11 04:47:52,137.72,0.146,0.00021799999999999999,0.00021799999999999999
2025-04-11 04:48:21,137.688,0.147,0.000219,0.000219
2025-04-11 04:48:22,137.72,0.147,0.000219,0.000219
2025-04-11 04:48:50,0.0,0.148,0.00022,0.00022
2025-04-11 04:48:52,0.0,0.148,0.00022,0.00022
2025-04-11 04:49:20,0.0,0.149,0.00022,0.00022
2025-04-11 04:49:22,0.0,0.149,0.00022,0.00022
2025-04-11 04:49:50,0.0,0.149,0.00022,0.00022
2025-04-11 04:49:52,0.0,0.149,0.00022,0.00022
2025-04-11 04:50:20,0.0,0.149,0.00022,0.00022
2025-04-11 04:50:22,0.0,0.149,0.00022,0.00022
2025-04-11 04:50:51,0.0,0.149,0.00022,0.00022
2025-04-11 04:50:52,0.0,0.149,0.00022,0.00022
2025-04-11 04:51:20,0.0,0.149,0.00022,0.00022
2025-04-11 04:51:22,0.0,0.149,0.00022,0.00022
2025-04-11 04:51:50,0.0,0.149,0.00022,0.00022
2025-04-11 04:51:52,0.0,0.149,0.00022,0.00022
2025-04-11 04:52:21,0.0,0.149,0.00022,0.00022
2025-04-11 04:52:22,0.0,0.149,0.00022,0.00022
2025-04-11 04:52:50,0.0,0.149,0.00022,0.00022
2025-04-11 04:52:52,0.0,0.149,0.00022,0.00022
2025-04-11 04:53:21,0.0,0.149,0.00022,0.00022
2025-04-11 04:53:22,0.0,0.149,0.00022,0.00022
2025-04-11 04:53:50,0.0,0.149,0.00022,0.00022
2025-04-11 04:53:52,0.0,0.149,0.00022,0.00022
2025-04-11 04:54:20,0.0,0.149,0.00022,0.00022
2025-04-11 04:54:22,0.0,0.149,0.00022,0.00022
2025-04-11 04:54:51,0.0,0.149,0.00022,0.00022
2025-04-11 04:54:52,0.0,0.149,0.00022,0.00022
2025-04-11 04:55:20,0.0,0.149,0.00022,0.00022
2025-04-11 04:55:22,0.0,0.149,0.00022,0.00022
2025-04-11 04:55:51,0.0,0.149,0.00022,0.00022
2025-04-11 04:55:52,0.0,0.149,0.00022,0.00022
2025-04-11 04:56:20,0.0,0.149,0.00022,0.00022
2025-04-11 04:56:22,0.0,0.149,0.00022,0.00022
2025-04-11 04:56:51,0.0,0.149,0.00022,0.00022
2025-04-11 04:56:53,0.0,0.149,0.00022,0.00022
2025-04-11 04:57:22,0.0,0.149,0.00022,0.00022
2025-04-11 04:57:23,0.0,0.149,0.00022,0.00022
2025-04-11 04:57:50,0.0,0.149,0.00022,0.00022
2025-04-11 04:57:52,0.0,0.149,0.00022,0.00022
2025-04-11 04:58:21,0.0,0.149,0.00022,0.00022
2025-04-11 04:58:22,0.0,0.149,0.00022,0.00022
2025-04-11 04:58:50,0.0,0.149,0.00022,0.00022
2025-04-11 04:58:52,0.0,0.149,0.00022,0.00022
2025-04-11 04:59:20,0.0,0.149,0.00022,0.00022
2025-04-11 04:59:22,0.0,0.149,0.00022,0.00022
2025-04-11 04:59:50,0.0,0.149,0.00022,0.00022
2025-04-11 04:59:52,0.0,0.149,0.00022,0.00022
2025-04-11 05:00:20,0.0,0.149,0.00022,0.00022
2025-04-11 05:00:22,0.0,0.149,0.00022,0.00022
2025-04-11 05:00:51,140.081,0.149,0.00022,0.00022
2025-04-11 05:00:52,140.038,0.149,0.00022,0.00022
2025-04-11 05:01:20,139.888,0.15,0.000222,0.000222
2025-04-11 05:01:22,139.83,0.15,0.000222,0.000222
2025-04-11 05:03:40,139.343,0.155,0.00022700000000000002,0.00022700000000000002
2025-04-11 05:04:07,127.656,0.156,0.000228,0.000228
2025-04-11 05:04:09,127.656,0.156,0.000228,0.000228
2025-04-11 05:04:37,0.0,0.157,0.000228,0.000228
2025-04-11 05:04:39,0.0,0.157,0.000228,0.000228
2025-04-11 05:05:07,0.0,0.157,0.000228,0.000228
2025-04-11 05:05:09,0.0,0.157,0.000228,0.000228
2025-04-11 05:05:37,0.0,0.157,0.000228,0.000228
2025-04-11 05:05:39,0.0,0.157,0.000228,0.000228
2025-04-11 05:02:36,0.0,0.0,0.000228,0.000228
2025-04-11 05:02:38,0.0,0.0,0.000228,0.000228
2025-04-11 05:03:06,0.0,0.0,0.000228,0.000228
2025-04-11 05:03:08,0.0,0.0,0.000228,0.000228
2025-04-11 05:03:36,0.0,0.0,0.000228,0.000228
2025-04-11 05:03:40,0.0,0.0,0.000228,0.000228
2025-04-11 05:04:06,0.0,0.0,0.000228,0.000228
2025-04-11 05:04:08,0.0,0.0,0.000228,0.000228
2025-04-11 05:04:36,0.0,0.0,0.000228,0.000228
2025-04-11 05:04:38,0.0,0.0,0.000228,0.000228
2025-04-11 05:05:06,0.0,0.0,0.000228,0.000228
2025-04-11 05:05:08,0.0,0.0,0.000228,0.000228
2025-04-11 05:05:36,0.0,0.0,0.000228,0.000228
2025-04-11 05:05:38,0.0,0.0,0.000228,0.000228
2025-04-11 05:06:06,0.0,0.0,0.000228,0.000228
2025-04-11 05:06:08,0.0,0.0,0.000228,0.000228
2025-04-11 05:06:36,0.0,0.0,0.000228,0.000228
2025-04-11 05:06:38,0.0,0.0,0.000228,0.000228
2025-04-11 05:07:06,0.0,0.0,0.000228,0.000228
2025-04-11 05:07:08,0.0,0.0,0.000228,0.000228
2025-04-11 05:07:36,0.0,0.0,0.000228,0.000228
2025-04-11 05:07:38,0.0,0.0,0.000228,0.000228
2025-04-11 05:08:06,0.0,0.0,0.000228,0.000228
2025-04-11 05:08:08,0.0,0.0,0.000228,0.000228
2025-04-11 05:08:36,0.0,0.0,0.000228,0.000228
2025-04-11 05:08:38,0.0,0.0,0.000228,0.000228
2025-04-11 05:09:06,0.0,0.0,0.000228,0.000228
2025-04-11 05:09:08,0.0,0.0,0.000228,0.000228
2025-04-11 05:09:36,0.0,0.0,0.000228,0.000228
2025-04-11 05:09:38,0.0,0.0,0.000228,0.000228
2025-04-11 05:10:06,0.0,0.0,0.000228,0.000228
2025-04-11 05:10:08,0.0,0.0,0.000228,0.000228
2025-04-11 05:10:36,0.0,0.0,0.000228,0.000228
2025-04-11 05:10:38,0.0,0.0,0.000228,0.000228
2025-04-11 05:11:06,0.0,0.0,0.000228,0.000228
2025-04-11 05:11:08,0.0,0.0,0.000228,0.000228
2025-04-11 05:11:36,0.0,0.0,0.000228,0.000228
2025-04-11 05:11:38,0.0,0.0,0.000228,0.000228
2025-04-11 05:12:36,0,0,0,0
2025-04-11 05:12:38,0,0,0,0
2025-04-11 05:30:19,0,0,0,0
2025-04-11 05:30:22,0,0,0,0
2025-04-11 05:31:08,0,0,0,0
2025-04-11 05:31:16,0.0,0.0,0.000228,0.000228
2025-04-11 05:31:36,0.0,0.0,0.000228,0.000228
2025-04-11 05:31:38,0.0,0.0,0.000228,0.000228
2025-04-11 05:32:06,0.0,0.0,0.000228,0.000228
2025-04-11 05:32:08,0.0,0.0,0.000228,0.000228
2025-04-11 05:32:36,0.0,0.0,0.000228,0.000228
2025-04-11 05:32:38,0.0,0.0,0.000228,0.000228
2025-04-11 05:33:06,0.0,0.0,0.000228,0.000228
2025-04-11 05:33:08,0.0,0.0,0.000228,0.000228
2025-04-11 05:33:36,0.0,0.0,0.000228,0.000228
2025-04-11 05:33:38,0.0,0.0,0.000228,0.000228
2025-04-11 05:34:06,0.0,0.0,0.000228,0.000228
2025-04-11 05:34:08,0.0,0.0,0.000228,0.000228
2025-04-11 05:34:36,0.424,0.0,0.000228,0.000228
2025-04-11 05:34:38,0.457,0.0,0.000228,0.000228
2025-04-11 05:35:06,0.0,0.0,0.000228,0.000228
2025-04-11 05:35:08,0.0,0.0,0.000228,0.000228
2025-04-11 05:35:36,0.0,0.0,0.000228,0.000228
2025-04-11 05:35:38,0.0,0.0,0.000228,0.000228
2025-04-11 05:36:06,0.0,0.0,0.000228,0.000228
2025-04-11 05:36:08,0.0,0.0,0.000228,0.000228
2025-04-11 05:36:36,0.0,0.0,0.000228,0.000228
2025-04-11 05:36:38,0.0,0.0,0.000228,0.000228
2025-04-11 05:37:06,0.446,0.0,0.000228,0.000228
2025-04-11 05:37:08,0.446,0.0,0.000228,0.000228
2025-04-11 05:37:36,0.43,0.0,0.000228,0.000228
2025-04-11 05:37:38,0.43,0.0,0.000228,0.000228
2025-04-11 05:38:06,0.0,0.0,0.000228,0.000228
2025-04-11 05:38:08,0.0,0.0,0.000228,0.000228
2025-04-11 05:38:36,0.441,0.0,0.000228,0.000228
2025-04-11 05:38:38,0.441,0.0,0.000228,0.000228
2025-04-11 05:39:06,0.432,0.0,0.000228,0.000228
2025-04-11 05:39:08,0.393,0.0,0.000228,0.000228
2025-04-11 05:39:36,0.0,0.0,0.000228,0.000228
2025-04-11 05:39:38,0.0,0.0,0.000228,0.000228
2025-04-11 05:40:06,0.0,0.0,0.000228,0.000228
2025-04-11 05:40:09,0.497,0.0,0.000228,0.000228
2025-04-11 05:40:36,0.0,0.0,0.000228,0.000228
2025-04-11 05:40:38,0.0,0.0,0.000228,0.000228
2025-04-11 05:41:06,0.0,0.0,0.000228,0.000228
2025-04-11 05:41:08,0.0,0.0,0.000228,0.000228
2025-04-11 05:41:36,0.438,0.0,0.000228,0.000228
2025-04-11 05:41:38,0.438,0.0,0.000228,0.000228
2025-04-11 05:42:06,0.426,0.0,0.000228,0.000228
2025-04-11 05:42:08,0.461,0.0,0.000228,0.000228
2025-04-11 05:42:36,0.443,0.0,0.000228,0.000228
2025-04-11 05:42:38,0.443,0.0,0.000228,0.000228
2025-04-11 05:43:06,0.476,0.0,0.000228,0.000228
2025-04-11 05:43:08,0.476,0.0,0.000228,0.000228
2025-04-11 05:43:36,0.0,0.0,0.000228,0.000228
2025-04-11 05:43:38,0.0,0.0,0.000228,0.000228
2025-04-11 05:44:06,0.0,0.0,0.000228,0.000228
2025-04-11 05:44:08,0.0,0.0,0.000228,0.000228
2025-04-11 05:44:36,0.434,0.0,0.000228,0.000228
2025-04-11 05:44:38,0.434,0.0,0.000228,0.000228
2025-04-11 05:45:06,0.461,0.0,0.000228,0.000228
2025-04-11 05:45:08,0.461,0.0,0.000228,0.000228
2025-04-11 05:45:36,0.0,0.0,0.000228,0.000228
2025-04-11 05:45:38,0.0,0.0,0.000228,0.000228
2025-04-11 05:46:06,0.0,0.0,0.000228,0.000228
2025-04-11 05:46:08,0.0,0.0,0.000228,0.000228
2025-04-11 05:46:36,0.489,0.0,0.000228,0.000228
2025-04-11 05:46:38,0.489,0.0,0.000228,0.000228
2025-04-11 05:47:06,0.453,0.0,0.000228,0.000228
2025-04-11 05:47:08,0.453,0.0,0.000228,0.000228
2025-04-11 05:47:36,0.402,0.0,0.000228,0.000228
2025-04-11 05:47:38,0.402,0.0,0.000228,0.000228
2025-04-11 05:48:06,0.463,0.0,0.000228,0.000228
2025-04-11 05:48:08,0.463,0.0,0.000228,0.000228
2025-04-11 05:48:36,0.463,0.0,0.000228,0.000228
2025-04-11 05:48:38,0.422,0.0,0.000228,0.000228
2025-04-11 05:49:06,0.407,0.0,0.000228,0.000228
2025-04-11 05:49:08,0.479,0.0,0.000228,0.000228
2025-04-11 05:49:36,0.0,0.0,0.000228,0.000228
2025-04-11 05:49:38,0.0,0.0,0.000228,0.000228
2025-04-11 05:50:06,0.46,0.0,0.000228,0.000228
2025-04-11 05:50:08,0.46,0.0,0.000228,0.000228
2025-04-11 05:50:36,0.422,0.0,0.000228,0.000228
2025-04-11 05:50:38,0.422,0.0,0.000228,0.000228
2025-04-11 05:51:06,0.0,0.0,0.000228,0.000228
2025-04-11 05:51:08,0.44,0.0,0.000228,0.000228
2025-04-11 05:51:36,0.417,0.0,0.000228,0.000228
2025-04-11 05:51:38,0.417,0.0,0.000228,0.000228
2025-04-11 05:52:06,0.423,0.0,0.000228,0.000228
2025-04-11 05:52:08,0.423,0.0,0.000228,0.000228
2025-04-11 05:52:36,0.0,0.0,0.000228,0.000228
2025-04-11 05:52:38,0.0,0.0,0.000228,0.000228
2025-04-11 05:53:06,0.554,0.0,0.000228,0.000228
2025-04-11 05:53:08,0.0,0.0,0.000228,0.000228
2025-04-11 05:53:36,0.479,0.0,0.000228,0.000228
2025-04-11 05:53:38,0.479,0.0,0.000228,0.000228
2025-04-11 05:54:06,0.438,0.0,0.000228,0.000228
2025-04-11 05:54:08,0.0,0.0,0.000228,0.000228
2025-04-11 05:54:36,0.0,0.0,0.000228,0.000228
2025-04-11 05:54:38,0.0,0.0,0.000228,0.000228
2025-04-11 05:55:06,0.476,0.0,0.000228,0.000228
2025-04-11 05:55:08,0.476,0.0,0.000228,0.000228
2025-04-11 05:55:36,0.0,0.0,0.000228,0.000228
2025-04-11 05:55:38,0.439,0.0,0.000228,0.000228
2025-04-11 05:56:06,0.467,0.0,0.000228,0.000228
2025-04-11 05:56:08,0.467,0.0,0.000228,0.000228
2025-04-11 05:56:36,0.0,0.0,0.000228,0.000228
2025-04-11 05:56:38,0.0,0.0,0.000228,0.000228
2025-04-11 05:57:06,0.408,0.0,0.000228,0.000228
2025-04-11 05:57:08,0.408,0.0,0.000228,0.000228
2025-04-11 05:57:36,0.451,0.0,0.000228,0.000228
2025-04-11 05:57:38,0.0,0.0,0.000228,0.000228
2025-04-11 05:58:06,0.446,0.0,0.000228,0.000228
2025-04-11 05:58:08,0.446,0.0,0.000228,0.000228
2025-04-11 05:58:36,0.414,0.0,0.000228,0.000228
2025-04-11 05:58:38,0.414,0.0,0.000228,0.000228
2025-04-11 05:59:06,0.426,0.0,0.000228,0.000228
2025-04-11 05:59:08,0.426,0.0,0.000228,0.000228
2025-04-11 05:59:36,0.465,0.0,0.000228,0.000228
2025-04-11 05:59:38,0.465,0.0,0.000228,0.000228
2025-04-11 06:00:06,0.0,0.0,0.000228,0.000228
2025-04-11 06:00:08,0.0,0.0,0.000228,0.000228
2025-04-11 06:00:36,0.0,0.0,0.000228,0.000228
2025-04-11 06:00:38,0.0,0.0,0.000228,0.000228
2025-04-11 06:01:06,0.0,0.0,0.000228,0.000228
2025-04-11 06:01:08,0.433,0.0,0.000228,0.000228
2025-04-11 06:01:36,0.425,0.0,0.000228,0.000228
2025-04-11 06:01:38,0.425,0.0,0.000228,0.000228
2025-04-11 06:02:06,0.471,0.0,0.000228,0.000228
2025-04-11 06:02:08,0.471,0.0,0.000228,0.000228
2025-04-11 06:02:36,0.427,0.0,0.000228,0.000228
2025-04-11 06:02:38,0.427,0.0,0.000228,0.000228
2025-04-11 06:03:06,0.0,0.0,0.000228,0.000228
2025-04-11 06:03:08,0.0,0.0,0.000228,0.000228
2025-04-11 06:03:36,0.0,0.0,0.000228,0.000228
2025-04-11 06:03:38,0.443,0.0,0.000228,0.000228
2025-04-11 06:04:06,0.434,0.0,0.000228,0.000228
2025-04-11 06:04:08,0.434,0.0,0.000228,0.000228
2025-04-11 06:04:36,0.505,0.0,0.000228,0.000228
2025-04-11 06:04:38,0.505,0.0,0.000228,0.000228
2025-04-11 06:05:06,0.0,0.0,0.000228,0.000228
2025-04-11 06:05:08,0.0,0.0,0.000228,0.000228
2025-04-11 06:05:36,0.456,0.0,0.000228,0.000228
2025-04-11 06:05:38,0.456,0.0,0.000228,0.000228
2025-04-11 06:06:06,0.0,0.0,0.000228,0.000228
2025-04-11 06:06:08,0.445,0.0,0.000228,0.000228
2025-04-11 06:06:36,0.0,0.0,0.000228,0.000228
2025-04-11 06:06:38,0.0,0.0,0.000228,0.000228
2025-04-11 06:07:06,0.0,0.0,0.000228,0.000228
2025-04-11 06:07:08,0.0,0.0,0.000228,0.000228
2025-04-11 06:07:36,0.474,0.0,0.000228,0.000228
2025-04-11 06:07:38,0.474,0.0,0.000228,0.000228
2025-04-11 06:08:06,0.431,0.0,0.000228,0.000228
2025-04-11 06:08:08,0.431,0.0,0.000228,0.000228
2025-04-11 06:08:36,0.422,0.0,0.000228,0.000228
2025-04-11 06:08:38,0.422,0.0,0.000228,0.000228
2025-04-11 06:09:06,0.43,0.0,0.000228,0.000228
2025-04-11 06:09:08,0.43,0.0,0.000228,0.000228
2025-04-11 06:09:36,0.454,0.0,0.000228,0.000228
2025-04-11 06:09:38,0.462,0.0,0.000228,0.000228
2025-04-11 06:10:06,0.467,0.0,0.000228,0.000228
2025-04-11 06:10:08,0.467,0.0,0.000228,0.000228
2025-04-11 06:10:36,0.434,0.0,0.000228,0.000228
2025-04-11 06:10:38,0.443,0.0,0.000228,0.000228
2025-04-11 06:11:06,0.0,0.0,0.000228,0.000228
2025-04-11 06:11:08,0.0,0.0,0.000228,0.000228
2025-04-11 06:11:36,0.471,0.0,0.000228,0.000228
2025-04-11 06:11:38,0.471,0.0,0.000228,0.000228
2025-04-11 06:12:06,0.457,0.0,0.000228,0.000228
2025-04-11 06:12:08,0.457,0.0,0.000228,0.000228
2025-04-11 06:12:36,0.431,0.0,0.000228,0.000228
2025-04-11 06:12:38,0.431,0.0,0.000228,0.000228
2025-04-11 06:13:06,0.468,0.0,0.000228,0.000228
2025-04-11 06:13:08,0.0,0.0,0.000228,0.000228
2025-04-11 06:13:36,0.431,0.0,0.000228,0.000228
2025-04-11 06:13:38,0.431,0.0,0.000228,0.000228
2025-04-11 06:14:06,0.448,0.0,0.000228,0.000228
2025-04-11 06:14:08,0.448,0.0,0.000228,0.000228
2025-04-11 06:14:36,0.452,0.0,0.000228,0.000228
2025-04-11 06:14:38,0.452,0.0,0.000228,0.000228
2025-04-11 06:15:06,0.414,0.0,0.000228,0.000228
2025-04-11 06:15:08,0.0,0.0,0.000228,0.000228
2025-04-11 06:15:36,0.401,0.0,0.000228,0.000228
2025-04-11 06:15:38,0.401,0.0,0.000228,0.000228
2025-04-11 06:16:06,0.405,0.0,0.000228,0.000228
2025-04-11 06:16:08,0.405,0.0,0.000228,0.000228
2025-04-11 06:16:36,0.451,0.0,0.000228,0.000228
2025-04-11 06:16:38,0.0,0.0,0.000228,0.000228
2025-04-11 06:17:06,0.466,0.0,0.000228,0.000228
2025-04-11 06:17:08,0.466,0.0,0.000228,0.000228
                                                                                                2025-04-11 10:32:49,0,0,0,0
2025-04-11 10:33:12,0,0,0,0
2025-04-11 10:33:49,0,0,0,0
2025-04-11 10:34:12,0,0,0,0
2025-04-11 10:34:49,0,0,0,0
2025-04-11 10:35:12,0,0,0,0
2025-04-11 10:35:49,0,0,0,0
2025-04-11 10:36:12,0,0,0,0
2025-04-11 10:36:49,0,0,0,0
2025-04-11 10:37:12,0,0,0,0
2025-04-11 10:37:19,145.334,0.0,0.000228,0.000228
2025-04-11 10:37:42,0.0,0.0,0.000228,0.000228
2025-04-11 10:37:49,0.0,0.0,0.000228,0.000228
2025-04-11 10:38:12,0.0,0.0,0.000228,0.000228
2025-04-11 10:38:19,0.0,0.0,0.000228,0.000228
2025-04-11 10:38:42,0.0,0.0,0.000228,0.000228
2025-04-11 10:38:49,0.0,0.0,0.000228,0.000228
2025-04-11 10:39:12,0.0,0.0,0.000228,0.000228
2025-04-11 10:39:19,0.0,0.0,0.000228,0.000228
2025-04-11 10:39:42,145.015,0.0,0.000228,0.000228
2025-04-11 10:39:50,144.452,0.001,0.000229,0.000229
2025-04-11 10:40:12,143.886,0.001,0.00023,0.00023
2025-04-11 10:40:19,143.845,0.002,0.00023,0.00023
2025-04-11 10:40:42,143.525,0.002,0.000231,0.000231
2025-04-11 10:40:49,143.476,0.003,0.000231,0.000231
2025-04-11 10:41:13,143.288,0.003,0.000232,0.000232
2025-04-11 10:41:20,143.23,0.004,0.000232,0.000232
2025-04-11 10:41:42,142.987,0.004,0.00023300000000000003,0.00023300000000000003
2025-04-11 10:41:49,142.993,0.005,0.00023300000000000003,0.00023300000000000003
2025-04-11 10:42:12,142.797,0.005,0.00023400000000000002,0.00023400000000000002
2025-04-11 10:42:20,142.742,0.006,0.00023500000000000002,0.00023500000000000002
2025-04-11 10:42:42,142.637,0.006,0.00023600000000000002,0.00023600000000000002
2025-04-11 10:42:49,142.641,0.008,0.00023600000000000002,0.00023600000000000002
2025-04-11 10:43:13,142.476,0.008,0.00023700000000000001,0.00023700000000000001
2025-04-11 10:43:19,142.427,0.009,0.00023700000000000001,0.00023700000000000001
2025-04-11 10:43:42,142.318,0.009,0.000238,0.000238
2025-04-11 10:43:49,142.322,0.01,0.000238,0.000238
2025-04-11 10:44:12,142.203,0.01,0.000239,0.000239
2025-04-11 10:44:19,142.145,0.011,0.000239,0.000239
2025-04-11 10:44:42,142.028,0.011,0.00023999999999999998,0.00023999999999999998
2025-04-11 10:44:49,142.055,0.012,0.000241,0.000241
2025-04-11 10:45:13,141.918,0.012,0.000241,0.000241
2025-04-11 10:45:19,141.877,0.014,0.000242,0.000242
2025-04-11 10:45:42,141.811,0.014,0.000243,0.000243
2025-04-11 10:45:49,141.826,0.015,0.000243,0.000243
2025-04-11 10:46:12,141.721,0.015,0.000244,0.000244
2025-04-11 10:46:20,141.703,0.016,0.000244,0.000244
2025-04-11 10:46:42,141.59,0.016,0.000245,0.000245
2025-04-11 10:46:49,141.603,0.017,0.000245,0.000245
2025-04-11 10:47:12,141.425,0.017,0.000246,0.000246
2025-04-11 10:47:19,141.403,0.018,0.000246,0.000246
2025-04-11 10:47:43,141.304,0.018,0.000247,0.000247
2025-04-11 10:47:49,141.298,0.019,0.000248,0.000248
2025-04-11 10:48:12,141.194,0.019,0.000249,0.000249
2025-04-11 10:48:19,141.203,0.021,0.000249,0.000249
2025-04-11 10:48:42,141.099,0.021,0.00025,0.00025
2025-04-11 10:48:49,141.058,0.022,0.00025,0.00025
2025-04-11 10:49:12,140.973,0.022,0.000251,0.000251
2025-04-11 10:49:19,141.006,0.023,0.000251,0.000251
2025-04-11 10:49:42,140.856,0.023,0.000252,0.000252
2025-04-11 10:49:49,140.795,0.024,0.000252,0.000252
2025-04-11 10:50:12,140.74,0.024,0.000253,0.000253
2025-04-11 10:50:19,140.778,0.025,0.000253,0.000253
2025-04-11 10:50:42,140.681,0.025,0.000254,0.000254
2025-04-11 10:50:49,140.663,0.027,0.000255,0.000255
2025-04-11 10:51:12,140.571,0.027,0.000256,0.000256
2025-04-11 10:51:20,140.596,0.028,0.000256,0.000256
2025-04-11 10:51:42,140.491,0.028,0.000257,0.000257
2025-04-11 10:51:49,140.471,0.029,0.000257,0.000257
2025-04-11 10:52:12,140.482,0.029,0.000258,0.000258
2025-04-11 10:52:19,140.426,0.03,0.000258,0.000258
2025-04-11 10:52:43,140.312,0.03,0.000259,0.000259
2025-04-11 10:52:49,140.343,0.031,0.000259,0.000259
2025-04-11 10:53:12,140.209,0.031,0.00026000000000000003,0.00026000000000000003
2025-04-11 10:53:19,140.242,0.032,0.000261,0.000261
2025-04-11 10:53:42,140.179,0.032,0.000261,0.000261
2025-04-11 10:53:50,140.122,0.034,0.000262,0.000262
2025-04-11 10:54:12,140.102,0.034,0.000263,0.000263
2025-04-11 10:54:19,140.138,0.035,0.000263,0.000263
2025-04-11 10:54:42,140.053,0.035,0.000264,0.000264
2025-04-11 10:54:49,140.012,0.036,0.000264,0.000264
2025-04-11 10:55:12,139.95,0.036,0.000265,0.000265
2025-04-11 10:55:19,139.945,0.037,0.000265,0.000265
2025-04-11 10:55:42,139.901,0.037,0.000266,0.000266
2025-04-11 10:55:49,139.882,0.038,0.000266,0.000266
2025-04-11 10:56:12,139.831,0.038,0.00026700000000000004,0.00026700000000000004
2025-04-11 10:56:19,139.813,0.039,0.000268,0.000268
2025-04-11 10:56:42,139.744,0.039,0.000268,0.000268
2025-04-11 10:56:50,139.731,0.041,0.00026900000000000003,0.00026900000000000003
2025-04-11 10:57:12,139.71,0.041,0.00027,0.00027
2025-04-11 10:57:19,139.691,0.042,0.00027,0.00027
2025-04-11 10:57:42,139.651,0.042,0.00027100000000000003,0.00027100000000000003
2025-04-11 10:57:50,139.682,0.043,0.00027100000000000003,0.00027100000000000003
2025-04-11 10:58:12,139.581,0.043,0.000272,0.000272
2025-04-11 10:58:19,139.622,0.044,0.000272,0.000272
2025-04-11 10:58:42,139.562,0.044,0.000273,0.000273
2025-04-11 10:58:50,0.0,0.045,0.000273,0.000273
2025-04-11 10:59:12,0.0,0.045,0.000273,0.000273
2025-04-11 10:59:19,0.0,0.045,0.000273,0.000273
2025-04-11 10:59:42,0.0,0.045,0.000273,0.000273
2025-04-11 10:59:49,0.0,0.045,0.000273,0.000273
2025-04-11 11:00:12,0.0,0.045,0.000273,0.000273
2025-04-11 11:00:19,0.0,0.045,0.000273,0.000273
2025-04-11 11:00:42,0.0,0.045,0.000273,0.000273
2025-04-11 11:00:49,0.0,0.045,0.000273,0.000273
2025-04-11 11:01:12,122.585,0.045,0.000273,0.000273
2025-04-11 11:01:19,140.62,0.045,0.00027400000000000005,0.00027400000000000005
2025-04-11 11:01:42,0.0,0.045,0.00027400000000000005,0.00027400000000000005
2025-04-11 11:01:49,0.0,0.046,0.00027400000000000005,0.00027400000000000005
2025-04-11 11:02:12,0.0,0.046,0.00027400000000000005,0.00027400000000000005
2025-04-11 11:02:19,0.0,0.046,0.00027400000000000005,0.00027400000000000005
2025-04-11 11:02:42,0.0,0.046,0.00027400000000000005,0.00027400000000000005
2025-04-11 11:02:49,0.0,0.046,0.00027400000000000005,0.00027400000000000005
2025-04-11 11:03:12,0.0,0.046,0.00027400000000000005,0.00027400000000000005
2025-04-11 11:03:19,0.0,0.046,0.00027400000000000005,0.00027400000000000005
2025-04-11 11:03:42,0.0,0.046,0.00027400000000000005,0.00027400000000000005
2025-04-11 11:03:50,0.0,0.046,0.00027400000000000005,0.00027400000000000005
2025-04-11 11:04:13,0.0,0.046,0.00027400000000000005,0.00027400000000000005
2025-04-11 11:04:19,0.0,0.046,0.00027400000000000005,0.00027400000000000005
2025-04-11 11:04:42,0.0,0.046,0.00027400000000000005,0.00027400000000000005
2025-04-11 11:04:49,0.0,0.046,0.00027400000000000005,0.00027400000000000005
2025-04-11 11:05:12,0.0,0.046,0.00027400000000000005,0.00027400000000000005
2025-04-11 11:05:19,0.0,0.046,0.00027400000000000005,0.00027400000000000005
2025-04-11 11:05:42,0.0,0.046,0.00027400000000000005,0.00027400000000000005
2025-04-11 11:05:49,0.0,0.046,0.00027400000000000005,0.00027400000000000005
2025-04-11 11:06:12,0.0,0.046,0.00027400000000000005,0.00027400000000000005
2025-04-11 11:06:19,0.0,0.046,0.00027400000000000005,0.00027400000000000005
2025-04-11 11:06:42,0.0,0.046,0.00027400000000000005,0.00027400000000000005
2025-04-11 11:06:49,0.0,0.046,0.00027400000000000005,0.00027400000000000005
2025-04-11 11:07:12,0.0,0.046,0.00027400000000000005,0.00027400000000000005
2025-04-11 11:07:19,0.0,0.046,0.00027400000000000005,0.00027400000000000005
2025-04-11 11:07:42,0.0,0.046,0.00027400000000000005,0.00027400000000000005
2025-04-11 11:07:49,0.0,0.046,0.00027400000000000005,0.00027400000000000005
2025-04-11 11:08:12,0.0,0.046,0.00027400000000000005,0.00027400000000000005
2025-04-11 11:08:19,0.0,0.046,0.00027400000000000005,0.00027400000000000005
2025-04-11 11:08:42,0.0,0.046,0.00027400000000000005,0.00027400000000000005
2025-04-11 11:08:49,0.0,0.046,0.00027400000000000005,0.00027400000000000005
2025-04-11 11:09:12,0.0,0.046,0.00027400000000000005,0.00027400000000000005
2025-04-11 11:09:19,0.0,0.046,0.00027400000000000005,0.00027400000000000005
2025-04-11 11:09:42,141.734,0.046,0.00027400000000000005,0.00027400000000000005
2025-04-11 11:09:49,141.479,0.046,0.00027400000000000005,0.00027400000000000005
2025-04-11 11:10:12,141.062,0.046,0.000275,0.000275
2025-04-11 11:10:19,141.017,0.047,0.00027600000000000004,0.00027600000000000004
2025-04-11 11:10:42,140.838,0.047,0.00027600000000000004,0.00027600000000000004
2025-04-11 11:10:49,140.793,0.049,0.000277,0.000277
2025-04-11 11:11:12,140.72,0.049,0.00027800000000000004,0.00027800000000000004
2025-04-11 11:11:19,140.644,0.05,0.00027800000000000004,0.00027800000000000004
2025-04-11 11:11:42,140.565,0.05,0.000279,0.000279
2025-04-11 11:11:49,140.501,0.051,0.000279,0.000279
2025-04-11 11:12:12,140.395,0.051,0.00028000000000000003,0.00028000000000000003
2025-04-11 11:12:19,140.375,0.052,0.00028000000000000003,0.00028000000000000003
2025-04-11 11:12:42,140.277,0.052,0.00028100000000000005,0.00028100000000000005
2025-04-11 11:12:49,140.244,0.053,0.00028100000000000005,0.00028100000000000005
2025-04-11 11:13:12,140.238,0.053,0.000282,0.000282
2025-04-11 11:13:19,140.235,0.054,0.00028300000000000005,0.00028300000000000005
2025-04-11 11:13:42,140.131,0.054,0.000284,0.000284
2025-04-11 11:13:49,140.052,0.056,0.000284,0.000284
2025-04-11 11:14:12,140.049,0.056,0.00028500000000000004,0.00028500000000000004
2025-04-11 11:14:19,140.012,0.057,0.00028500000000000004,0.00028500000000000004
2025-04-11 11:14:42,139.958,0.057,0.000286,0.000286
2025-04-11 11:14:49,140.005,0.058,0.000286,0.000286
2025-04-11 11:15:12,139.893,0.058,0.00028700000000000004,0.00028700000000000004
2025-04-11 11:15:19,139.824,0.059,0.00028700000000000004,0.00028700000000000004
2025-04-11 11:15:42,139.807,0.059,0.000288,0.000288
2025-04-11 11:15:49,139.817,0.06,0.000288,0.000288
2025-04-11 11:16:12,139.678,0.06,0.000289,0.000289
2025-04-11 11:16:19,139.732,0.061,0.00029,0.00029
2025-04-11 11:16:42,139.619,0.061,0.00029099999999999997,0.00029099999999999997
2025-04-11 11:16:49,139.642,0.063,0.00029099999999999997,0.00029099999999999997
2025-04-11 11:17:12,139.575,0.063,0.000292,0.000292
2025-04-11 11:17:19,139.571,0.064,0.000292,0.000292
2025-04-11 11:17:42,139.552,0.064,0.00029299999999999997,0.00029299999999999997
2025-04-11 11:17:49,139.526,0.065,0.00029299999999999997,0.00029299999999999997
2025-04-11 11:18:12,139.479,0.065,0.000294,0.000294
2025-04-11 11:18:19,139.47,0.066,0.000294,0.000294
2025-04-11 11:18:42,139.392,0.066,0.00029499999999999996,0.00029499999999999996
2025-04-11 11:18:49,139.405,0.067,0.00029499999999999996,0.00029499999999999996
2025-04-11 11:19:12,139.356,0.067,0.000296,0.000296
2025-04-11 11:19:19,139.305,0.068,0.000297,0.000297
2025-04-18 20:44:19,0,0,0,0
2025-04-18 20:44:44,0,0,0,0
2025-04-18 20:45:19,0,0,0,0
2025-04-18 20:45:44,0,0,0,0
2025-04-18 20:46:19,0,0,0,0
2025-04-18 20:46:44,0,0,0,0
2025-04-18 20:47:19,0,0,0,0
2025-04-18 20:47:44,0,0,0,0
2025-04-18 20:48:19,0,0,0,0
2025-04-18 20:48:44,0,0,0,0
2025-04-18 20:49:19,0,0,0,0
2025-04-18 20:49:44,0,0,0,0
2025-04-18 20:50:19,0,0,0,0
2025-04-18 20:50:44,0,0,0,0
2025-04-18 20:51:19,0,0,0,0
2025-04-18 20:51:44,0,0,0,0
2025-04-18 20:52:19,0,0,0,0
2025-04-18 20:52:44,0,0,0,0
2025-04-18 20:53:19,0,0,0,0
2025-04-18 20:53:44,0,0,0,0
2025-04-18 20:54:19,0,0,0,0
2025-04-18 20:54:44,0,0,0,0
2025-04-18 20:55:19,0,0,0,0
2025-04-18 20:55:44,0,0,0,0
2025-04-18 20:56:19,0,0,0,0
2025-04-18 20:56:44,0,0,0,0
2025-04-18 20:57:19,0,0,0,0
2025-04-18 20:57:44,0,0,0,0
2025-04-18 20:58:19,0,0,0,0
2025-04-18 20:58:44,0,0,0,0
2025-04-18 20:59:19,0,0,0,0
2025-04-18 20:59:44,0,0,0,0
2025-04-18 21:00:19,0,0,0,0
2025-04-18 21:00:44,0,0,0,0
2025-04-18 21:01:19,0,0,0,0
2025-04-18 21:01:44,0,0,0,0
2025-04-18 21:02:19,0,0,0,0
2025-04-18 21:02:44,0,0,0,0
2025-04-18 21:03:19,0,0,0,0
2025-04-18 21:03:44,0,0,0,0
2025-04-18 21:04:19,0,0,0,0
2025-04-18 21:04:44,0,0,0,0
2025-04-18 21:05:19,0,0,0,0
2025-04-18 21:05:44,0,0,0,0
2025-04-18 21:06:19,0,0,0,0
2025-04-18 21:06:44,0,0,0,0
2025-04-18 21:07:19,0,0,0,0
2025-04-18 21:07:44,0,0,0,0
2025-04-18 21:08:19,0,0,0,0
2025-04-18 21:08:44,0,0,0,0
2025-04-18 21:09:19,0,0,0,0
2025-04-18 21:09:44,0,0,0,0
2025-04-18 21:10:19,0,0,0,0
2025-04-18 21:10:44,0,0,0,0
2025-04-18 21:11:19,0,0,0,0
2025-04-18 21:11:44,0,0,0,0
2025-04-18 21:12:19,0,0,0,0
2025-04-18 21:12:44,0,0,0,0
2025-04-18 21:13:19,0,0,0,0
2025-04-18 21:13:44,0,0,0,0
2025-04-18 21:14:19,0,0,0,0
2025-04-18 21:14:44,0,0,0,0
2025-04-18 21:15:19,0,0,0,0
                             2025-04-26 10:15:50,0,0,0,0
2025-04-26 10:16:22,0,0,0,0
2025-04-26 10:16:50,0,0,0,0
2025-04-26 10:17:22,0,0,0,0
2025-04-26 10:17:50,0,0,0,0
2025-04-26 10:18:22,0,0,0,0
2025-04-26 10:18:50,0,0,0,0
2025-04-26 10:19:22,0,0,0,0
2025-04-26 10:19:50,0,0,0,0
2025-04-26 10:20:22,0,0,0,0
2025-04-26 10:20:50,0,0,0,0
2025-04-26 10:21:22,0,0,0,0
2025-04-26 10:21:50,0,0,0,0
2025-04-26 10:22:22,0,0,0,0
2025-04-26 10:22:50,0,0,0,0
2025-04-26 10:23:22,0,0,0,0
2025-04-26 10:23:50,0,0,0,0
2025-04-26 10:24:22,0,0,0,0
2025-04-26 10:24:50,0,0,0,0
2025-04-26 10:25:22,0,0,0,0
2025-04-26 10:25:50,0,0,0,0
2025-04-26 10:26:22,0,0,0,0
2025-04-26 10:26:50,0,0,0,0
2025-04-26 10:27:22,0,0,0,0
